regla,columna,afectados,accion
Barrio a los 48 oficiales,barrio,2736,normalizado (alias y sub-barrios) o recuperado desde la dirección
Fuera de CABA,ciudad/barrio,4,eliminado (fuera del alcance)
Posible tipología no residencial,titulo,397,marcado (se conserva; decidir en el EDA)
Duplicado por contenido,(varias),941,"eliminado (alquiler y usados, mismo título)"
m² imposible (<10),m2_cubiertos,107,pasado a NaN
Ambientes incoherentes,ambientes,27,pasado a NaN
Baños incoherentes,banos,16,pasado a NaN
Precio atípico o placeholder,precio,321,marcado (se conserva; se excluye de estadísticas de precio)
Ambientes desde el título,ambientes,615,recuperado (regla validada)
Ambientes imputados,ambientes,375,mediana por operación x tipo x tramo de m² (train)
Baños imputados,banos,1287,moda por tipo x ambientes (train)
